Workbook

Sheet Dagboek macro layout
A1: Dag 1
A2: Ontbijt | G2: Middageten | M2: Avondeten | S2: Tussendoortjes | Y2: Water
A3: Product | B3: g/ml/st | C3: Kcal | D3: Eiwit | E3: Koolh. | F3: Vet | G3: Product | H3: g/ml/st | I3: Kcal | J3: Eiwit | K3: Koolh. | L3: Vet | M3: Product | N3: g/ml/st | O3: Kcal | P3: Eiwit | Q3: Koolh. | R3: Vet | S3: Product | T3: g/ml/st | U3: Kcal | V3: Eiwit | W3: Koolh. | X3: Vet | Y3: ml | Z3: Dag totaal ml
A4: Muesli bio | B4: 60 | C4: 270 | D4: 8.1 | E4: 48.6 | F4: 4.8 | G4: Groentesoep (home-made) | H4: 410 | I4: 213 | J4: 8 | K4: 29.3 | L4: 7.1 | M4: Rode bieten | N4: 250 | O4: 73 | P4: 2.2 | Q4: 15 | R4: 0.5 | S4: Koffie zwart | T4: 100 | U4: 1 | V4: 0 | W4: 0 | X4: 0 | Y4: 200
A5: Volle melk | B5: 165 | C5: 109 | D5: 5.5 | E5: 8.2 | F5: 6.1 | G5: Boterham(volkoren) | H5: 3 | I5: 228 | J5: 8 | K5: 39.9 | L5: 4.1 | M5: Rundersaucijs | N5: 70 | O5: 153 | P5: 10.7 | Q5: 1.5 | R5: 11.6 | S5: Paasstol | T5: 100 | U5: 310 | V5: 6.2 | W5: 54.2 | X5: 7.6 | Y5: 350
A6: Boterham(volkoren) | B6: 2 | C6: 152 | D6: 5.3 | E6: 26.6 | F6: 2.7 | G6: Plak kaas jong-belegen | H6: 1 | I6: 120 | J6: 20.3 | K6: 1.4 | L6: 22.6 | M6: Onbekend item (Avondeten) | N6: 214 | O6: 569 | P6: 17.1 | Q6: 64 | R6: 27.2 | Y6: 250
A7: Appelstroop | B7: 2 | C7: 5 | D7: 0 | E7: 1.2 | F7: 0 | G7: Humus-pesto | H7: 8 | I7: 52 | J7: 1.6 | K7: 2.9 | L7: 3.8 | M7: Sla melange | N7: 80 | O7: 18 | P7: 0.9 | Q7: 2.9 | R7: 0.3 | Y7: 300
A8: Honing | B8: 5 | C8: 15 | D8: 0 | E8: 3.8 | F8: 0 | G8: Honing | H8: 5 | I8: 15 | J8: 0 | K8: 3.8 | L8: 0 | Y8: 350
Y9: 150
Y10: 300
A11: Totaal | C11: =SUM(C4:C8) -> 551 | D11: 18.9 | E11: 88.4 | F11: 13.6 | G11: Totaal | I11: =SUM(I4:I8) -> 628 | J11: 37.9 | K11: 77.3 | L11: 37.6 | O11: =SUM(O4:O7) -> 813 | P11: 30.9 | Q11: 83.4 | R11: 39.6 | U11: =SUM(U4:U5) -> 311 | V11: 6.2 | W11: 54.2 | X11: 7.6 | Z11: 1900
A12: Dagtotaal | C12: =SUM(C11,I11,O11,U11) -> 2303 | D12: 93.9 | E12: 303.3 | F12: 98.4
A14: Dag 2
A15: Ontbijt | G15: Middageten | M15: Avondeten | S15: Tussendoortjes | Y15: Water
A16: Product | B16: g/ml/st | C16: Kcal | D16: Eiwit | E16: Koolh. | F16: Vet | G16: Product | H16: g/ml/st | I16: Kcal | J16: Eiwit | K16: Koolh. | L16: Vet | M16: Product | N16: g/ml/st | O16: Kcal | P16: Eiwit | Q16: Koolh. | R16: Vet | S16: Product | T16: g/ml/st | U16: Kcal | V16: Eiwit | W16: Koolh. | X16: Vet | Y16: ml | Z16: Dag totaal ml
A17: Havermout | B17: 40 | C17: 152 | D17: 6.1 | E17: 25.5 | F17: 2.9 | G17: Boterham(volkoren) | H17: 3 | I17: 228 | J17: 8 | K17: 39.9 | L17: 4.1 | M17: Pandan rijst | N17: 320 | O17: 563 | P17: 11.3 | Q17: 126.7 | R17: 1.3 | S17: Koffie zwart | T17: 100 | U17: 1 | V17: 0 | W17: 0 | X17: 0 | Y17: 350
A18: Volle melk | B18: 180 | C18: 119 | D18: 6 | E18: 8.9 | F18: 6.6 | G18: Plak kaas jong-belegen | H18: 1 | I18: 120 | J18: 20.3 | K18: 1.4 | L18: 22.6 | M18: Chinese kool | N18: 180 | O18: 31 | P18: 1.7 | Q18: 5.4 | R18: 0.3 | S18: Jodenkoek | T18: 1 | U18: 109 | V18: 1.4 | W18: 16.9 | X18: 4 | Y18: 150
A19: Rozijnen | B19: 20 | C19: 69 | D19: 0.5 | E19: 16.6 | F19: 0.1 | G19: Appelstroop | H19: 2 | I19: 5 | J19: 0 | K19: 1.2 | L19: 0 | M19: Rundergehakt | N19: 120 | O19: 89 | P19: 10 | Q19: 0 | R19: 5.4 | S19: Appelsap | T19: 150 | U19: 72 | V19: 0 | W19: 18 | X19: 0 | Y19: 150
A20: Kokos | B20: 4 | C20: 22 | D20: 0.2 | E20: 1 | F20: 1.9 | G20: Gerookte zalmsalade | H20: 30 | I20: 115 | J20: 6.6 | K20: 2.3 | L20: 8.8 | M20: Sla melange | N20: 30 | O20: 7 | P20: 0.4 | Q20: 1.1 | R20: 0.1 | S20: Naturel chips | T20: 45 | U20: 250 | V20: 3.8 | W20: 30 | X20: 12.8 | Y20: 350
A21: Noten/zaden mix | B21: 10 | C21: 44 | D21: 1.5 | E21: 2 | F21: 3.3 | G21: Haring | H21: 1 | I21: 216 | J21: 18.9 | K21: 0 | L21: 15.6 | M21: Griekse yoghurt 10% | N21: 140 | O21: 188 | P21: 7.5 | Q21: 6.6 | R21: 14.6 | Y21: 150
A22: Boterham(volkoren) | B22: 2 | C22: 152 | D22: 5.3 | E22: 26.6 | F22: 2.7 | Y22: 350
A23: Appelstroop | B23: 2 | C23: 5 | D23: 0 | E23: 1.2 | F23: 0
A24: Honing | B24: 5 | C24: 15 | D24: 0 | E24: 3.8 | F24: 0
A25: Appel | B25: 1 | C25: 15 | D25: 0.1 | E25: 3.6 | F25: 0
A26: Totaal | C26: =SUM(C17:C25) -> 593 | D26: 19.7 | E26: 89.2 | F26: 17.5 | I26: =SUM(I17:I21) -> 684 | J26: 53.8 | K26: 44.8 | L26: 51.1 | O26: =SUM(O17:O21) -> 878 | P26: 30.9 | Q26: 139.8 | R26: 21.7 | U26: =SUM(U17:U20) -> 432 | V26: 5.2 | W26: 64.9 | X26: 16.8 | Z26: 1500
A27: Dagtotaal | C27: =SUM(C26,I26,O26,U26) -> 2587 | D27: 109.6 | E27: 338.7 | F27: 107.1
A29: Dag 3
A30: Ontbijt | G30: Middageten | M30: Avondeten | S30: Tussendoortjes | Y30: Water
A31: Product | B31: g/ml/st | C31: Kcal | D31: Eiwit | E31: Koolh. | F31: Vet | G31: Product | H31: g/ml/st | I31: Kcal | J31: Eiwit | K31: Koolh. | L31: Vet | M31: Product | N31: g/ml/st | O31: Kcal | P31: Eiwit | Q31: Koolh. | R31: Vet | S31: Product | T31: g/ml/st | U31: Kcal | V31: Eiwit | W31: Koolh. | X31: Vet | Y31: ml | Z31: Dag totaal ml
A32: Muesli bio | B32: 40 | C32: 180 | D32: 10.8 | E32: 64.8 | F32: 6.4 | G32: Groentesoep (home-made) | H32: 210 | I32: 109 | J32: 4.1 | K32: 15 | L32: 3.6 | M32: Groentesoep (home-made) | N32: 210 | O32: 109 | P32: 4.1 | Q32: 15 | R32: 3.6 | S32: Koffie zwart | T32: 100 | U32: 1 | V32: 0 | W32: 0 | X32: 0 | Y32: 150
A33: Kokos | B33: 3 | C33: 16 | D33: 0.2 | E33: 0.7 | F33: 1.4 | G33: Boterham(volkoren) | H33: 2 | I33: 152 | J33: 5.3 | K33: 26.6 | L33: 2.7 | M33: Pannenkoek (ham/kaas) | N33: 350 | O33: 1200 | P33: 75.8 | Q33: 227.4 | R33: 75.8 | S33: Digestive koek | T33: 1 | U33: 70 | V33: 1.1 | W33: 10.8 | X33: 2.5 | Y33: 350
A34: Volle melk | B34: 160 | C34: 106 | D34: 5.3 | E34: 7.9 | F34: 5.9 | G34: Beenham | H34: 15 | I34: 14 | J34: 2.2 | K34: 0.1 | L34: 0.5 | M34: Tonic | N34: 200 | O34: 72 | P34: 0 | Q34: 18 | R34: 0 | S34: Appel | T34: 1 | U34: 16 | V34: 0.1 | W34: 3.8 | X34: 0 | Y34: 300
A35: Boterham(volkoren) | B35: 2 | C35: 152 | D35: 5.3 | E35: 26.6 | F35: 2.7 | G35: Gekookt ei | H35: 1 | I35: 72 | J35: 6.3 | K35: 0.5 | L35: 5 | S35: Kers/slagroom cake | T35: 1 | U35: 275 | V35: 3.4 | W35: 35.8 | X35: 13.1 | Y35: 300
A36: Appelstroop | B36: 2 | C36: 5 | D36: 0 | E36: 1.2 | F36: 0 | Y36: 200
A37: Honing | B37: 5 | C37: 15 | D37: 0 | E37: 3.8 | F37: 0 | Y37: 300
A38: Noten/zaden mix | B38: 12 | C38: 53 | D38: 1.9 | E38: 2.4 | F38: 4
A39: Totaal | C39: =SUM(C32:C38) -> 527 | D39: 23.5 | E39: 107.4 | F39: 20.4 | G39: Totaal | I39: =SUM(I32:I35) -> 347 | J39: 17.9 | K39: 42.2 | L39: 11.8 | M39: Totaal | O39: =SUM(O32:O34) -> 1381 | P39: 79.9 | Q39: 260.4 | R39: 79.4 | S39: Totaal | U39: =SUM(U32:U35) -> 362 | V39: 4.6 | W39: 50.4 | X39: 15.6 | Y39: Totaal | Z39: 1600
A40: Dagtotaal | C40: =SUM(C39,I39,O39,U39) -> 2617 | D40: 125.9 | E40: 460.4 | F40: 127.2
A42: Dag 4
A43: Ontbijt | G43: Middageten | M43: Avondeten | S43: Tussendoortjes | Y43: Water
A44: Product | B44: g/ml/st | C44: Kcal | D44: Eiwit | E44: Koolh. | F44: Vet | G44: Product | H44: g/ml/st | I44: Kcal | J44: Eiwit | K44: Koolh. | L44: Vet | M44: Product | N44: g/ml/st | O44: Kcal | P44: Eiwit | Q44: Koolh. | R44: Vet | S44: Product | T44: g/ml/st | U44: Kcal | V44: Eiwit | W44: Koolh. | X44: Vet | Y44: ml | Z44: Dag totaal ml
A45: Havermout | B45: 60 | C45: 224 | D45: 9 | E45: 37.5 | F45: 4.2 | M45: Bruine bonen met rijst (Sur.) | N45: 677 | O45: 750 | P45: 31.7 | Q45: 151.1 | R45: 27.1 | S45: Koffie zwart | T45: 100 | U45: 1 | V45: 0 | W45: 0 | X45: 0 | Y45: 280
A46: Volle melk | B46: 185 | C46: 122 | D46: 6.1 | E46: 9.2 | F46: 6.8 | M46: Sla melange | N46: 65 | O46: 14 | P46: 0.7 | Q46: 2.3 | R46: 0.2 | S46: Kers/slagroom cake | T46: 1 | U46: 275 | V46: 3.4 | W46: 35.8 | X46: 13.1 | Y46: 150
A47: Rozijnen | B47: 25 | C47: 86 | D47: 0.6 | E47: 20.6 | F47: 0.1 | S47: Digestive koek | T47: 1 | U47: 70 | V47: 1.1 | W47: 10.8 | X47: 2.5 | Y47: 250
A48: Kokos | B48: 5 | C48: 27 | D48: 0.3 | E48: 1.2 | F48: 2.3
A49: Boterham(volkoren) | B49: 3 | C49: 228 | D49: 8 | E49: 39.9 | F49: 4.1
A50: Pindakaas 100% | B50: 15 | C50: 92 | D50: 3.9 | E50: 2.8 | F50: 7.3
A51: Appelstroop | B51: 2 | C51: 5 | D51: 0 | E51: 1.2 | F51: 0
A52: Honing | B52: 5 | C52: 15 | D52: 0 | E52: 3.8 | F52: 0
A53: Totaal | C53: =SUM(C45:C52) -> 799 | D53: 27.9 | E53: 116.2 | F53: 24.8 | G53: Totaal | I53: 0 | J53: 0 | K53: 0 | L53: 0 | M53: Totaal | O53: =SUM(O45:O46) -> 764 | P53: 32.4 | Q53: 153.4 | R53: 27.3 | S53: Totaal | U53: =SUM(U45:U47) -> 346 | V53: 4.5 | W53: 46.6 | X53: 15.6 | Y53: Totaal | Z53: 680
A54: Dagtotaal | C54: =SUM(C53,I53,O53,U53) -> 1909 | D54: 64.8 | E54: 316.2 | F54: 67.7
A56: Dag 5
A57: Ontbijt | G57: Middageten | M57: Avondeten | S57: Tussendoortjes | Y57: Water
A58: Product | B58: g/ml/st | C58: Kcal | D58: Eiwit | E58: Koolh. | F58: Vet | G58: Product | H58: g/ml/st | I58: Kcal | J58: Eiwit | K58: Koolh. | L58: Vet | M58: Product | N58: g/ml/st | O58: Kcal | P58: Eiwit | Q58: Koolh. | R58: Vet | S58: Product | T58: g/ml/st | U58: Kcal | V58: Eiwit | W58: Koolh. | X58: Vet | Y58: ml | Z58: Dag totaal ml
A59: Muesli bio | B59: 40 | C59: 200 | D59: 11.9 | E59: 71.3 | F59: 7 | G59: Boterham(volkoren) | H59: 2 | I59: 152 | J59: 5.3 | K59: 26.6 | L59: 2.7 | M59: Krieltjes uit de oven | N59: 290 | O59: 250 | P59: 13.5 | Q59: 123.4 | R59: 24.8 | S59: Koffie zwart | T59: 100 | U59: 1 | V59: 0 | W59: 0 | X59: 0 | Y59: 250
A60: Volle melk | B60: 180 | C60: 119 | D60: 6 | E60: 8.9 | F60: 6.6 | G60: Beenham | H60: 15 | I60: 14 | J60: 2.2 | K60: 0.1 | L60: 0.5 | M60: Asperges (groen) | N60: 120 | O60: 30 | P60: 1.9 | Q60: 4.9 | R60: 0.3 | Y60: 250
A61: Noten/zaden mix | B61: 17 | C61: 75 | D61: 2.6 | E61: 3.4 | F61: 5.7 | G61: Honing | H61: 5 | I61: 15 | J61: 0 | K61: 3.8 | L61: 0 | M61: Lamskotelet | N61: 180 | O61: 284 | P61: 24.8 | Q61: 0 | R61: 20.5 | Y61: 250
A62: Boterham(volkoren) | B62: 2 | C62: 152 | D62: 5.3 | E62: 26.6 | F62: 2.7 | G62: Pasta Bolognese | H62: 459 | I62: 600 | J62: 108 | K62: 360 | L62: 112 | M62: Sla melange | N62: 30 | O62: 7 | P62: 0.4 | Q62: 1.1 | R62: 0.1 | Y62: 100
A63: Gekookt ei | B63: 1 | C63: 72 | D63: 6.3 | E63: 0.5 | F63: 5 | Y63: 250
A64: Totaal | C64: =SUM(C59:C63) -> 618 | D64: 32.1 | E64: 110.7 | F64: 27 | G64: Totaal | I64: =SUM(I59:I62) -> 781 | J64: 115.5 | K64: 390.5 | L64: 115.2 | M64: Totaal | O64: =SUM(O59:O62) -> 571 | P64: 40.6 | Q64: 129.4 | R64: 45.7 | S64: Totaal | U64: =SUM(U59:U63) -> 1 | V64: 0 | W64: 0 | X64: 0 | Y64: Totaal | Z64: 1100
A65: Dagtotaal | C65: =SUM(C64,I64,O64,U64) -> 1971 | D65: 188.2 | E65: 630.6 | F65: 187.9
A67: Dag 6
A68: Ontbijt | G68: Middageten | M68: Avondeten | S68: Tussendoortjes | Y68: Water
A69: Product | B69: g/ml/st | C69: Kcal | D69: Eiwit | E69: Koolh. | F69: Vet | G69: Product | H69: g/ml/st | I69: Kcal | J69: Eiwit | K69: Koolh. | L69: Vet | M69: Product | N69: g/ml/st | O69: Kcal | P69: Eiwit | Q69: Koolh. | R69: Vet | S69: Product | T69: g/ml/st | U69: Kcal | V69: Eiwit | W69: Koolh. | X69: Vet | Y69: ml | Z69: Dag totaal ml
A70: Havermout | B70: 50 | C70: 187 | D70: 7.5 | E70: 31.3 | F70: 3.5 | G70: Boterham(volkoren) | H70: 2 | I70: 152 | J70: 5.3 | K70: 26.6 | L70: 2.7 | M70: Aardappelblokjes | N70: 235 | O70: 329 | P70: 6.6 | Q70: 59.2 | R70: 7.3 | S70: Koffie zwart | T70: 100 | U70: 1 | V70: 0 | W70: 0 | X70: 0 | Y70: 250
A71: Rozijnen | B71: 15 | C71: 52 | D71: 0.4 | E71: 12.5 | F71: 0.1 | G71: Tonijn in olie | H71: 36 | I71: 82 | J71: 9.2 | K71: 0 | L71: 5 | M71: Snijbonen | N71: 168 | O71: 20 | P71: 0.9 | Q71: 3.6 | R71: 0.2 | S71: Digestive koek | T71: 1 | U71: 70 | V71: 1.1 | W71: 10.8 | X71: 2.5 | Y71: 350
A72: Kokos | B72: 2 | C72: 11 | D72: 0.1 | E72: 0.5 | F72: 1 | M72: Runder chipolata worst | N72: 57 | O72: 132 | P72: 8.2 | Q72: 1.7 | R72: 10.3 | S72: Koffiebroodje | T72: 1 | U72: 318 | V72: 5.6 | W72: 46.1 | X72: 12.4 | Y72: 350
A73: Volle melk | B73: 180 | C73: 119 | D73: 6 | E73: 8.9 | F73: 6.6 | S73: Chocolade 90% | T73: 100 | U73: 645 | V73: 9.7 | W73: 22.6 | X73: 57.3 | Y73: 250
A74: Boterham(volkoren) | B74: 2 | C74: 152 | D74: 5.3 | E74: 26.6 | F74: 2.7 | Y74: 300
A75: Appelstroop | B75: 2 | C75: 5 | D75: 0 | E75: 1.2 | F75: 0 | Y75: 200
A76: Honing | B76: 5 | C76: 15 | D76: 0 | E76: 3.8 | F76: 0 | Y76: 200
A77: Noten/zaden mix | B77: 20 | C77: 88 | D77: 3.1 | E77: 4 | F77: 6.6 | Y77: 150
A78: Totaal | C78: =SUM(C70:C77) -> 629 | D78: 22.4 | E78: 88.8 | F78: 20.5 | G78: Totaal | I78: =SUM(I70:I71) -> 234 | J78: 14.5 | K78: 26.6 | L78: 7.7 | M78: Totaal | O78: =SUM(O70:O72) -> 481 | P78: 15.7 | Q78: 64.5 | R78: 17.8 | S78: Totaal | U78: =SUM(U70:U73) -> 1034 | V78: 17.6 | W78: 82.3 | X78: 79.4 | Y78: Totaal | Z78: 2050
A79: Dagtotaal | C79: =SUM(C78,I78,O78,U78) -> 2378 | D79: 70.2 | E79: 262.2 | F79: 125.4
A81: Dag 7
A82: Ontbijt | G82: Middageten | M82: Avondeten | S82: Tussendoortjes | Y82: Water
A83: Product | B83: g/ml/st | C83: Kcal | D83: Eiwit | E83: Koolh. | F83: Vet | G83: Product | H83: g/ml/st | I83: Kcal | J83: Eiwit | K83: Koolh. | L83: Vet | M83: Product | N83: g/ml/st | O83: Kcal | P83: Eiwit | Q83: Koolh. | R83: Vet | S83: Product | T83: g/ml/st | U83: Kcal | V83: Eiwit | W83: Koolh. | X83: Vet | Y83: ml | Z83: Dag totaal ml
A84: Havermout | B84: 102 | C84: 381 | D84: 15.2 | E84: 63.8 | F84: 7.2 | G84: Boterham(volkoren) | H84: 2 | I84: 152 | J84: 5.3 | K84: 26.6 | L84: 2.7 | M84: Pandan rijst | N84: 300 | O84: 560 | P84: 11.2 | Q84: 126 | R84: 1.2 | S84: Banaan | T84: 1 | U84: 124 | V84: 1.6 | W84: 28.8 | X84: 0.3 | Y84: 250
A85: Volle melk | B85: 165 | C85: 109 | D85: 5.5 | E85: 8.2 | F85: 6.1 | G85: Italiaanse ham | H85: 20 | I85: 33 | J85: 3.7 | K85: 0.2 | L85: 1.9 | M85: Courgette | N85: 200 | O85: 36 | P85: 1.8 | Q85: 6.3 | R85: 0.4 | Y85: 350
A86: Noten/zaden mix | B86: 15 | C86: 66 | D86: 2.3 | E86: 3 | F86: 5 | M86: Gebakken ei | N86: 1 | O86: 78 | P86: 6.2 | Q86: 0.6 | R86: 5.6 | Y86: 200
Y87: 300
Y88: 200
A89: Totaal | C89: =SUM(C84:C88) -> 556 | D89: 23 | E89: 75 | F89: 18.3 | G89: Totaal | I89: =SUM(I84:I85) -> 185 | J89: 9 | K89: 26.8 | L89: 4.6 | M89: Totaal | O89: =SUM(O84:O86) -> 674 | P89: 19.2 | Q89: 132.9 | R89: 7.2 | S89: Totaal | U89: =SUM(U84) -> 124 | V89: 1.6 | W89: 28.8 | X89: 0.3 | Y89: Totaal | Z89: 1300
A90: Dagtotaal | C90: =SUM(C89,I89,O89,U89) -> 1539 | D90: 52.8 | E90: 263.5 | F90: 30.4
A92: Dag 8
A93: Ontbijt | G93: Middageten | M93: Avondeten | S93: Tussendoortjes | Y93: Water
A94: Product | B94: g/ml/st | C94: Kcal | D94: Eiwit | E94: Koolh. | F94: Vet | G94: Product | H94: g/ml/st | I94: Kcal | J94: Eiwit | K94: Koolh. | L94: Vet | M94: Product | N94: g/ml/st | O94: Kcal | P94: Eiwit | Q94: Koolh. | R94: Vet | S94: Product | T94: g/ml/st | U94: Kcal | V94: Eiwit | W94: Koolh. | X94: Vet | Y94: ml | Z94: Dag totaal ml
A95: Havermout | B95: 63 | C95: 236 | D95: 9.4 | E95: 39.5 | F95: 4.5 | G95: Boterham(volkoren) | H95: 2 | I95: 152 | J95: 5.3 | K95: 26.6 | L95: 2.7 | M95: Zilvervliesrijst | N95: 313 | O95: 560 | P95: 12.6 | Q95: 120.4 | R95: 3.1 | S95: Koffie zwart | T95: 100 | U95: 1 | V95: 0 | W95: 0 | X95: 0 | Y95: 350
A96: Volle melk | B96: 160 | C96: 106 | D96: 5.3 | E96: 7.9 | F96: 5.9 | G96: Plak kaas jong-belegen | H96: 1 | I96: 120 | J96: 20.3 | K96: 1.4 | L96: 22.6 | M96: Snijbonen | N96: 180 | O96: 22 | P96: 1 | Q96: 4 | R96: 0.2 | S96: Muffin (marmer) | T96: 1 | U96: 301 | V96: 4.5 | W96: 42.1 | X96: 12.7 | Y96: 350
A97: Boterham(volkoren) | B97: 1 | C97: 76 | D97: 2.7 | E97: 13.3 | F97: 1.4 | G97: Honing | H97: 5 | I97: 15 | J97: 0 | K97: 3.8 | L97: 0 | M97: Rundergehakt | N97: 285 | O97: 211 | P97: 23.7 | Q97: 0 | R97: 12.9 | Y97: 350
A98: Appelstroop | B98: 2 | C98: 5 | D98: 0 | E98: 1.2 | F98: 0 | G98: Droge worst | H98: 18 | I98: 76 | J98: 4.8 | K98: 0.6 | L98: 6.1 | M98: Griekse yoghurt 10% | N98: 160 | O98: 214 | P98: 8.6 | Q98: 7.5 | R98: 16.6 | Y98: 300
Y99: 250
A100: Totaal | C100: =SUM(C95:C98) -> 423 | D100: 17.4 | E100: 61.9 | F100: 11.8 | G100: Totaal | I100: =SUM(I95:I98) -> 363 | J100: 30.4 | K100: 32.4 | L100: 31.4 | M100: Totaal | O100: =SUM(O95:O99) -> 1007 | P100: 45.9 | Q100: 131.9 | R100: 32.8 | S100: Totaal | U100: =SUM(U95:U99) -> 302 | V100: 4.5 | W100: 42.1 | X100: 12.7 | Y100: Totaal | Z100: 1600
A101: Dagtotaal | C101: =SUM(C100,I100,O100,U100) -> 2095 | D101: 98.2 | E101: 268.3 | F101: 88.7

Sheet Samenvatting
A1: Samenvatting voedingsdagboek
A2: Dag | B2: Kcal | C2: Eiwit (g) | D2: Koolhydraten (g) | E2: Vet (g) | F2: Water (ml)
A3: Dag 1 | B3: ='Dagboek macro layout'!C12 -> 2303 | C3: 93.9 | D3: 303.3 | E3: 98.4 | F3: 1900
A4: Dag 2 | B4: ='Dagboek macro layout'!C27 -> 2587 | C4: 109.6 | D4: 338.7 | E4: 107.1 | F4: 1500
A5: Dag 3 | B5: ='Dagboek macro layout'!C40 -> 2617 | C5: 125.9 | D5: 460.4 | E5: 127.2 | F5: 1600
A6: Dag 4 | B6: ='Dagboek macro layout'!C54 -> 1909 | C6: 64.8 | D6: 316.2 | E6: 67.7 | F6: 680
A7: Dag 5 | B7: ='Dagboek macro layout'!C65 -> 1971 | C7: 188.2 | D7: 630.6 | E7: 187.9 | F7: 1100
A8: Dag 6 | B8: ='Dagboek macro layout'!C79 -> 2378 | C8: 70.2 | D8: 262.2 | E8: 125.4 | F8: 2050
A9: Dag 7 | B9: ='Dagboek macro layout'!C90 -> 1539 | C9: 52.8 | D9: 263.5 | E9: 30.4 | F9: 1300
A10: Dag 8 | B10: ='Dagboek macro layout'!C101 -> 2095 | C10: 98.2 | D10: 268.3 | E10: 88.7 | F10: 1600
A11: Gemiddelde | B11: =AVERAGE(B3:B10) -> 2174.875 | C11: =AVERAGE(C3:C10) -> 100.45 | D11: =AVERAGE(D3:D10) -> 355.4 | E11: =AVERAGE(E3:E10) -> 104.1 | F11: =AVERAGE(F3:F10) -> 1466.25
